<?xml version="1.0" encoding="UTF-8"?>
<metadata xml:lang="en"><Esri><CreaDate>20181128</CreaDate><CreaTime>14264600</CreaTime><ArcGISFormat>1.0</ArcGISFormat><ArcGISstyle>FGDC CSDGM Metadata</ArcGISstyle><SyncOnce>TRUE</SyncOnce><DataProperties><itemProps><itemLocation><linkage Sync="TRUE">file://\\fs-ans1.drexel.edu\science_cas3\PCER_Data\WilliamPenn_Share\EDS\DRWI\DATA\SPATIAL\ClassWorkshop\DemoData\schyulkill</linkage><protocol Sync="TRUE">Local Area Network</protocol></itemLocation></itemProps><copyHistory><copy source="T:\WilliamPenn_Share\EDS\DRWI\DATA\SPATIAL\ClassWorkshop\TestData\DemoData\schyulkill" dest="\\fs-ans1.drexel.edu\science_cas3\PCER_Data\WilliamPenn_Share\EDS\DRWI\DATA\SPATIAL\ClassWorkshop\DemoData\schyulkill" date="20181128" time="14264600"></copy></copyHistory></DataProperties></Esri></metadata>
